-- MySQL dump 10.13  Distrib 8.0.39, for Win64 (x86_64)
--
-- Host: localhost    Database: casasanitarios
-- ------------------------------------------------------
-- Server version	8.0.39

/*!40101 SET @OLD_CHARACTER_SET_CLIENT=@@CHARACTER_SET_CLIENT */;
/*!40101 SET @OLD_CHARACTER_SET_RESULTS=@@CHARACTER_SET_RESULTS */;
/*!40101 SET @OLD_COLLATION_CONNECTION=@@COLLATION_CONNECTION */;
/*!50503 SET NAMES utf8mb4 */;
/*!40103 SET @OLD_TIME_ZONE=@@TIME_ZONE */;
/*!40103 SET TIME_ZONE='+00:00' */;
/*!40014 SET @OLD_UNIQUE_CHECKS=@@UNIQUE_CHECKS, UNIQUE_CHECKS=0 */;
/*!40014 SET @OLD_FOREIGN_KEY_CHECKS=@@FOREIGN_KEY_CHECKS, FOREIGN_KEY_CHECKS=0 */;
/*!40101 SET @OLD_SQL_MODE=@@SQL_MODE, SQL_MODE='NO_AUTO_VALUE_ON_ZERO' */;
/*!40111 SET @OLD_SQL_NOTES=@@SQL_NOTES, SQL_NOTES=0 */;

--
-- Table structure for table `categorias`
--

DROP TABLE IF EXISTS `categorias`;
/*!40101 SET @saved_cs_client     = @@character_set_client */;
/*!50503 SET character_set_client = utf8mb4 */;
CREATE TABLE `categorias` (
  `id` int NOT NULL AUTO_INCREMENT,
  `Nombre` varchar(60) NOT NULL,
  PRIMARY KEY (`id`)
) ENGINE=InnoDB AUTO_INCREMENT=6 DEFAULT CHARSET=utf8mb4 COLLATE=utf8mb4_0900_ai_ci;
/*!40101 SET character_set_client = @saved_cs_client */;

--
-- Dumping data for table `categorias`
--

LOCK TABLES `categorias` WRITE;
/*!40000 ALTER TABLE `categorias` DISABLE KEYS */;
INSERT INTO `categorias` VALUES (1,'Sanitarios'),(2,'Cocina'),(3,'Accesorios_Gas'),(4,'Accesorios_Agua'),(5,'Artefactos_Gas');
/*!40000 ALTER TABLE `categorias` ENABLE KEYS */;
UNLOCK TABLES;

--
-- Table structure for table `clientes`
--

DROP TABLE IF EXISTS `clientes`;
/*!40101 SET @saved_cs_client     = @@character_set_client */;
/*!50503 SET character_set_client = utf8mb4 */;
CREATE TABLE `clientes` (
  `id` int NOT NULL AUTO_INCREMENT,
  `Nombre` varchar(60) NOT NULL,
  `Apellido` varchar(60) NOT NULL,
  `Email` varchar(60) NOT NULL,
  `Cuil` int NOT NULL,
  `Telefono` bigint NOT NULL,
  `Direccion` varchar(60) NOT NULL,
  PRIMARY KEY (`id`)
) ENGINE=InnoDB AUTO_INCREMENT=8 DEFAULT CHARSET=utf8mb4 COLLATE=utf8mb4_0900_ai_ci;
/*!40101 SET character_set_client = @saved_cs_client */;

--
-- Dumping data for table `clientes`
--

LOCK TABLES `clientes` WRITE;
/*!40000 ALTER TABLE `clientes` DISABLE KEYS */;
INSERT INTO `clientes` VALUES (1,'Juan','Pérez','juanperez@dominio.com',2012345678,2236548521,'Av. Siempre Viva 123'),(2,'Julia','Falcon','julifafafa@dominio.com',2023456768,2234258826,'Av. Independencia 1453'),(3,'German','Pavon','germomdq@gmail.com',2032546568,2236224686,'Av. Constitucion 2653'),(4,'Norma','Carmona','normitacarmo@gmail.com',2011486218,2235114751,'Av. Tejedor 453'),(5,'Leonardo','Villamon','lvtenegreo@gmail.com',2018236114,2236262188,'Alice 1253'),(6,'Bruno','Villamon','trabaslike@gmail.com',2041276214,2234945618,'Malvinas 3453'),(7,'Alen','Lantaño','lovemilf123@gmail.com',2042456784,2235124378,'Beltran 253');
/*!40000 ALTER TABLE `clientes` ENABLE KEYS */;
UNLOCK TABLES;

--
-- Table structure for table `detalle_ventas`
--

DROP TABLE IF EXISTS `detalle_ventas`;
/*!40101 SET @saved_cs_client     = @@character_set_client */;
/*!50503 SET character_set_client = utf8mb4 */;
CREATE TABLE `detalle_ventas` (
  `id` int NOT NULL AUTO_INCREMENT,
  `id_empleados` int DEFAULT NULL,
  `Fecha` date NOT NULL,
  `Hora` time NOT NULL,
  `Cantidad` int NOT NULL,
  `id_productos` int DEFAULT NULL,
  PRIMARY KEY (`id`),
  KEY `id_empleados` (`id_empleados`),
  KEY `id_productos` (`id_productos`),
  CONSTRAINT `detalle_ventas_ibfk_1` FOREIGN KEY (`id_empleados`) REFERENCES `empleados` (`id`),
  CONSTRAINT `detalle_ventas_ibfk_2` FOREIGN KEY (`id_productos`) REFERENCES `productos` (`id`)
) ENGINE=InnoDB AUTO_INCREMENT=15 DEFAULT CHARSET=utf8mb4 COLLATE=utf8mb4_0900_ai_ci;
/*!40101 SET character_set_client = @saved_cs_client */;

--
-- Dumping data for table `detalle_ventas`
--

LOCK TABLES `detalle_ventas` WRITE;
/*!40000 ALTER TABLE `detalle_ventas` DISABLE KEYS */;
INSERT INTO `detalle_ventas` VALUES (4,1,'2024-11-05','09:15:00',1,10),(5,1,'2024-11-05','09:15:00',2,11),(6,1,'2024-11-05','09:15:00',1,12),(7,1,'2024-11-06','14:30:00',1,15),(8,1,'2024-11-06','14:30:00',1,18),(9,1,'2024-11-06','14:30:00',2,14),(10,1,'2024-11-07','11:00:00',3,16),(11,1,'2024-11-07','11:00:00',1,17),(12,1,'2024-11-09','10:00:00',1,10),(13,1,'2024-11-09','10:00:00',1,15),(14,1,'2024-11-09','10:00:00',3,16);
/*!40000 ALTER TABLE `detalle_ventas` ENABLE KEYS */;
UNLOCK TABLES;

--
-- Table structure for table `empleados`
--

DROP TABLE IF EXISTS `empleados`;
/*!40101 SET @saved_cs_client     = @@character_set_client */;
/*!50503 SET character_set_client = utf8mb4 */;
CREATE TABLE `empleados` (
  `id` int NOT NULL AUTO_INCREMENT,
  `Nombre` varchar(60) NOT NULL,
  `Apellido` varchar(60) NOT NULL,
  `Dni` int NOT NULL,
  `Mail` varchar(60) NOT NULL,
  `Direccion` varchar(60) NOT NULL,
  `Puesto` varchar(60) NOT NULL,
  PRIMARY KEY (`id`)
) ENGINE=InnoDB AUTO_INCREMENT=5 DEFAULT CHARSET=utf8mb4 COLLATE=utf8mb4_0900_ai_ci;
/*!40101 SET character_set_client = @saved_cs_client */;

--
-- Dumping data for table `empleados`
--

LOCK TABLES `empleados` WRITE;
/*!40000 ALTER TABLE `empleados` DISABLE KEYS */;
INSERT INTO `empleados` VALUES (1,'Carlos','Pérez',32245578,'carlosperez@gmail.com','Chaco 1234','Vendedor'),(2,'Tomas','Llera',38611606,'tomasllera95@gmail.com','Misiones 3200','Encargado'),(3,'Sheila','Weisz',38154304,'sheila.weisz@gmail.com','Caseros 1245','Cajera'),(4,'Federico','Moreno',27423563,'fededgmoreno@gmail.com','Laprida 3245','Vendedor');
/*!40000 ALTER TABLE `empleados` ENABLE KEYS */;
UNLOCK TABLES;

--
-- Table structure for table `productos`
--

DROP TABLE IF EXISTS `productos`;
/*!40101 SET @saved_cs_client     = @@character_set_client */;
/*!50503 SET character_set_client = utf8mb4 */;
CREATE TABLE `productos` (
  `id` int NOT NULL AUTO_INCREMENT,
  `Nombre` varchar(60) NOT NULL,
  `Precio` int NOT NULL,
  `Stock` int NOT NULL,
  `Codigo` bigint NOT NULL,
  `id_categoria` int DEFAULT NULL,
  `id_proveedor` int DEFAULT NULL,
  PRIMARY KEY (`id`),
  KEY `id_categoria` (`id_categoria`),
  KEY `id_proveedor` (`id_proveedor`),
  CONSTRAINT `productos_ibfk_1` FOREIGN KEY (`id_categoria`) REFERENCES `categorias` (`id`),
  CONSTRAINT `productos_ibfk_2` FOREIGN KEY (`id_proveedor`) REFERENCES `proveedores` (`id`)
) ENGINE=InnoDB AUTO_INCREMENT=19 DEFAULT CHARSET=utf8mb4 COLLATE=utf8mb4_0900_ai_ci;
/*!40101 SET character_set_client = @saved_cs_client */;

--
-- Dumping data for table `productos`
--

LOCK TABLES `productos` WRITE;
/*!40000 ALTER TABLE `productos` DISABLE KEYS */;
INSERT INTO `productos` VALUES (10,'Inodoro',10000,30,76687654321,1,1),(11,'Flor_de_ducha',5500,35,2345678901234,1,1),(12,'Cocina',15500,35,2345678901234,2,5),(13,'Caño_Agua',1700,245,55678901234,3,4),(14,'Codo_90°',700,4245,11678901234,3,4),(15,'Calefactor',100,24245,7678901234,5,5),(16,'Caño_Gas',2700,145,33678901234,4,3),(17,'Caldera',32700,45,83678901234,5,5),(18,'Bidet',7700,35,6778901234,1,1);
/*!40000 ALTER TABLE `productos` ENABLE KEYS */;
UNLOCK TABLES;

--
-- Table structure for table `proveedores`
--

DROP TABLE IF EXISTS `proveedores`;
/*!40101 SET @saved_cs_client     = @@character_set_client */;
/*!50503 SET character_set_client = utf8mb4 */;
CREATE TABLE `proveedores` (
  `id` int NOT NULL AUTO_INCREMENT,
  `Nombre` varchar(60) NOT NULL,
  `Empresa` varchar(60) NOT NULL,
  `Telefono` bigint NOT NULL,
  `Direccion` varchar(60) NOT NULL,
  PRIMARY KEY (`id`)
) ENGINE=InnoDB AUTO_INCREMENT=6 DEFAULT CHARSET=utf8mb4 COLLATE=utf8mb4_0900_ai_ci;
/*!40101 SET character_set_client = @saved_cs_client */;

--
-- Dumping data for table `proveedores`
--

LOCK TABLES `proveedores` WRITE;
/*!40000 ALTER TABLE `proveedores` DISABLE KEYS */;
INSERT INTO `proveedores` VALUES (1,'Juan Pérez','FV',223456789,'Av. Siempre Viva 123, Mar del Plata'),(2,'María Gómez','Caldaia',223457890,'Calle Ficticia 456, Miramar'),(3,'Carlos Rodríguez','Sigas',2234567891,'Av. del Sol 789, Villa Gesell'),(4,'Laura Martínez','Termofusión',2236789012,'Calle de la Paz 101, Mar del Plata'),(5,'Luis Fernández','Vulcan',2234890123,'Calle Libertad 202, Miramar');
/*!40000 ALTER TABLE `proveedores` ENABLE KEYS */;
UNLOCK TABLES;

--
-- Table structure for table `ventas`
--

DROP TABLE IF EXISTS `ventas`;
/*!40101 SET @saved_cs_client     = @@character_set_client */;
/*!50503 SET character_set_client = utf8mb4 */;
CREATE TABLE `ventas` (
  `id` int NOT NULL AUTO_INCREMENT,
  `Fecha` date NOT NULL,
  `Hora` time NOT NULL,
  `Total` bigint NOT NULL,
  `id_clientes` int DEFAULT NULL,
  PRIMARY KEY (`id`),
  KEY `id_clientes` (`id_clientes`),
  CONSTRAINT `ventas_ibfk_1` FOREIGN KEY (`id_clientes`) REFERENCES `clientes` (`id`)
) ENGINE=InnoDB AUTO_INCREMENT=7 DEFAULT CHARSET=utf8mb4 COLLATE=utf8mb4_0900_ai_ci;
/*!40101 SET character_set_client = @saved_cs_client */;

--
-- Dumping data for table `ventas`
--

LOCK TABLES `ventas` WRITE;
/*!40000 ALTER TABLE `ventas` DISABLE KEYS */;
INSERT INTO `ventas` VALUES (1,'2024-11-05','10:30:00',21100,1),(2,'2024-11-06','14:30:00',9200,2),(3,'2024-11-07','11:00:00',40800,3),(4,'2024-11-08','16:45:00',27200,4),(5,'2024-11-09','10:00:00',18100,5),(6,'2024-11-10','13:00:00',42100,6);
/*!40000 ALTER TABLE `ventas` ENABLE KEYS */;
UNLOCK TABLES;

--
-- Table structure for table `ventas_del_dia`
--

DROP TABLE IF EXISTS `ventas_del_dia`;
/*!40101 SET @saved_cs_client     = @@character_set_client */;
/*!50503 SET character_set_client = utf8mb4 */;
CREATE TABLE `ventas_del_dia` (
  `id` int NOT NULL AUTO_INCREMENT,
  `id_empleados` int DEFAULT NULL,
  `Fecha` date NOT NULL,
  `Hora` time NOT NULL,
  `id_ventas` int DEFAULT NULL,
  PRIMARY KEY (`id`),
  KEY `id_ventas` (`id_ventas`),
  CONSTRAINT `ventas_del_dia_ibfk_1` FOREIGN KEY (`id_ventas`) REFERENCES `ventas` (`id`)
) ENGINE=InnoDB AUTO_INCREMENT=7 DEFAULT CHARSET=utf8mb4 COLLATE=utf8mb4_0900_ai_ci;
/*!40101 SET character_set_client = @saved_cs_client */;

--
-- Dumping data for table `ventas_del_dia`
--

LOCK TABLES `ventas_del_dia` WRITE;
/*!40000 ALTER TABLE `ventas_del_dia` DISABLE KEYS */;
INSERT INTO `ventas_del_dia` VALUES (1,1,'2024-11-05','09:30:00',1),(2,2,'2024-11-05','10:00:00',2),(3,3,'2024-11-05','11:15:00',3),(4,4,'2024-11-05','13:45:00',4),(5,1,'2024-11-05','15:30:00',5),(6,2,'2024-11-05','16:00:00',6);
/*!40000 ALTER TABLE `ventas_del_dia` ENABLE KEYS */;
UNLOCK TABLES;
/*!40103 SET TIME_ZONE=@OLD_TIME_ZONE */;

/*!40101 SET SQL_MODE=@OLD_SQL_MODE */;
/*!40014 SET FOREIGN_KEY_CHECKS=@OLD_FOREIGN_KEY_CHECKS */;
/*!40014 SET UNIQUE_CHECKS=@OLD_UNIQUE_CHECKS */;
/*!40101 SET CHARACTER_SET_CLIENT=@OLD_CHARACTER_SET_CLIENT */;
/*!40101 SET CHARACTER_SET_RESULTS=@OLD_CHARACTER_SET_RESULTS */;
/*!40101 SET COLLATION_CONNECTION=@OLD_COLLATION_CONNECTION */;
/*!40111 SET SQL_NOTES=@OLD_SQL_NOTES */;

-- Dump completed on 2024-11-13 19:45:33
